Date,Close
40998.00,59.54
40997.00,59.22
40996.00,59.34
40995.00,59.87
40994.00,60.18
40991.00,59.37
40990.00,59.01
40989.00,59.67
40988.00,59.9
40987.00,60.74
40984.00,60.46
40983.00,60.66
40982.00,60.03
40981.00,60.79
40980.00,58.95
40977.00,59.71
40976.00,59.71
40975.00,58.38
40974.00,57.64
40973.00,59.36
40970.00,60.14
40969.00,60.31
40968.00,59.87
40967.00,58.93
40966.00,58.39
40963.00,59.24
40962.00,58.52
40961.00,59.06
40960.00,59.16
40956.00,59.42
40955.00,58.95
40954.00,58.89
40953.00,58.38
40952.00,58.82
40949.00,57.71
40948.00,59.19
40947.00,59.17
40946.00,58.68
40945.00,58.32
40942.00,59.03
40941.00,58.47
40940.00,58.21
40939.00,57.36
40938.00,57.01
40935.00,57.94
40934.00,57.52
40933.00,58.06
40932.00,57.53
40931.00,57.54
40928.00,56.76
40927.00,56.17
40926.00,55.21
40925.00,54.32
40921.00,53.29
40920.00,53.19
40919.00,52.58
40918.00,53.15
40917.00,52.07
40914.00,52.19
40913.00,53.38
40912.00,54.02
40911.00,54.27
40907.00,52.26
40906.00,52.2
40905.00,51.48
40904.00,51.81
40900.00,53.09
40899.00,52.67
40898.00,52.14
40897.00,51.56
40896.00,49.48
40893.00,51.77
40892.00,51.39
40891.00,51.27
40890.00,52.21
40889.00,52.94
40886.00,54.68
40885.00,54.04
40884.00,55.81
40883.00,55.76
40882.00,56.4
40879.00,55.59
40878.00,55.98
40877.00,56.06
40876.00,52.97
40875.00,51.99
40872.00,49.52
40870.00,49.77
40869.00,51.75
40868.00,50.99
40865.00,52.69
40864.00,52.25
40863.00,53.34
40862.00,54.7
40861.00,54.57
40858.00,54.83
40857.00,53.23
40856.00,53.5
40855.00,56.75
40854.00,56.68
40851.00,56.55
40850.00,55.76
40849.00,55.82
40848.00,54.53
40847.00,55.4
40844.00,57.46
40843.00,58.02
40842.00,54.63
40841.00,54.3
40840.00,55.48
40837.00,52.98
40836.00,51.64
40835.00,52.84
40834.00,52.98
40833.00,51.62
40830.00,52.82
40829.00,51.45
40828.00,52
40827.00,50.45
40826.00,50.75
40823.00,48.49
40822.00,48.62
40821.00,47.15
40820.00,46.8
40819.00,45.27
40816.00,46.57
40815.00,48.57
40814.00,47.42
40813.00,49.18
40812.00,47.24
40809.00,46.67
40808.00,45.67
40807.00,49.98
40806.00,51.83
40805.00,51.57
40802.00,53.58
40801.00,52.73
40800.00,52.06
40799.00,52.39
40798.00,52.18
40795.00,52.19
40794.00,54.6
40793.00,56.14
40792.00,53.97
40788.00,54.65
40787.00,56.02
40786.00,56.7
40785.00,55.16
40784.00,55.3
40781.00,53.06
40780.00,51.37
40779.00,52.65
40778.00,53.14
40777.00,50.31
40774.00,50.86
40773.00,52.69
40772.00,56.21
40771.00,55.43
40770.00,55.43
40767.00,54.23
40766.00,55.03
40765.00,51.44
40764.00,55
40763.00,53
40760.00,58.37
40759.00,58.61
40758.00,62.76
40757.00,63.72
40756.00,65.89
40753.00,65.68
40752.00,65.97
40751.00,65.72
40750.00,66.55
40749.00,66.22
40746.00,66.77
40745.00,66.64
40744.00,66.23
40743.00,65.69
40742.00,64.5
40739.00,65.62
40738.00,65.3
40737.00,65.7
40736.00,64.61
40735.00,65.69
40732.00,67.47
40731.00,67.94
40730.00,66.71
40729.00,66.53
40725.00,66.07
40724.00,65
40723.00,64.32
40722.00,63.55
40721.00,62.9
40718.00,62.51
40717.00,62.29
40716.00,62.44
40715.00,63.07
40714.00,61.55
40711.00,61.91
40710.00,62
40709.00,62.55
40708.00,63.87
40707.00,62.3
40704.00,62.01
40703.00,63.9
40702.00,63.51
40701.00,64.38
40700.00,64.06
40697.00,64.81
40696.00,65.14
40695.00,64.94
40694.00,66.01
40690.00,64.89
40689.00,63.64
40688.00,62.21
40687.00,62.23
40686.00,61.9
40683.00,64.25
40682.00,64.66
40681.00,65.34
40680.00,63.95
40679.00,64.07
40676.00,64.32
40675.00,65.63
40674.00,65.82
40673.00,66.8
40672.00,66.18
40669.00,66.65
40668.00,66.17
40667.00,66.91
40666.00,68.28
40665.00,69.64
40662.00,68.97
40661.00,68.34
40660.00,68.36
40659.00,68.47
40658.00,68.24
40654.00,68.36
40653.00,67.55
40652.00,65.3
40651.00,64.45
40648.00,65.62
40647.00,65.53
40646.00,64.79
40645.00,63.24
40644.00,64.41
40641.00,64.97
40640.00,65.05
40639.00,65.69
40638.00,65.51
40637.00,65.38
40634.00,65.74
40633.00,64.35
40632.00,63.99
40631.00,62.78
40630.00,61.97
40627.00,62.13
40626.00,61.37
40625.00,60.09
40624.00,60.07
40623.00,60.05
40620.00,58.96
40619.00,58.19
40618.00,56.61
40617.00,57.7
40616.00,58.77
40613.00,58.1
40612.00,57.93
40611.00,59.95
40610.00,59.86
40609.00,58.91
40606.00,60.12
40605.00,59.41
40604.00,57.87
40603.00,57.2
40602.00,58.06
40599.00,58.5
40598.00,57.81
40597.00,57.8
40596.00,58.09
40592.00,60.47
40591.00,59.72
40590.00,59.6
40589.00,59.62
40588.00,59.66
40585.00,59.3
40584.00,60.04
40583.00,61.09
40582.00,62.74
40581.00,62.95
40578.00,63.14
40577.00,63.05
40576.00,63.19
40575.00,63.32
40574.00,61.4
40571.00,61.36
40570.00,63.27
40569.00,62.9
40568.00,61.66
40567.00,61.98
40564.00,61.11
40563.00,62.3
40562.00,62.76
40561.00,62.76
40557.00,62.98
40556.00,62.34
40555.00,62.81
40554.00,61.57
40553.00,60.92
40550.00,61.84
40549.00,61.51
40548.00,61.94
40547.00,61.92
40546.00,61.78
40543.00,61.19
40542.00,60.83
40541.00,59.7
40540.00,58.93
40539.00,58.44
40535.00,58.71
40534.00,58.8
40533.00,58.63
40532.00,58.49
40529.00,58.08
40528.00,58.13
40527.00,57.55
40526.00,58.63
40525.00,58.22
40522.00,57.95
40521.00,57.92
40520.00,57.08
40519.00,57.35
40518.00,57.19
40515.00,57.31
40514.00,56.56
40513.00,55.63
40512.00,53.97
40511.00,53.7
40508.00,53.51
40506.00,55.41
40505.00,53.5
40504.00,56.57
40501.00,56.52
40500.00,56.08
40499.00,54.47
40498.00,54.19
40497.00,55.47
40494.00,55.46
40493.00,57.3
40492.00,57.63
40491.00,56.75
40490.00,57.13
40487.00,57.44
40486.00,57.79
40485.00,56.79
40484.00,56
40483.00,55.35
40480.00,54.39
40479.00,55.04
40478.00,54.5
40477.00,55.48
40476.00,55.64
40473.00,54.7
40472.00,53.98
40471.00,53.98
40470.00,52.79
40469.00,56
40466.00,55.64
40465.00,55.41
40464.00,54.99
40463.00,54.32
40462.00,55.16
40459.00,55.68
40458.00,55.47
40457.00,55.97
40456.00,55.16
40455.00,54.57
40452.00,54.44
40451.00,53.49
40450.00,53.15
40449.00,52.89
40448.00,52.68
40445.00,52.77
40444.00,51.8
40443.00,52.41
40442.00,52.37
40441.00,52.25
40438.00,51.38
40437.00,51.23
40436.00,51.79
40435.00,51.57
40434.00,51.61
40431.00,50.92
40430.00,50.49
40429.00,49.99
40428.00,49.55
40424.00,50.09
40423.00,49.66
40422.00,49.64
40421.00,47.79
40420.00,47.92
40417.00,48
40416.00,47.34
40415.00,47.59
40414.00,48.28
40413.00,48.96
40410.00,49.25
40409.00,49.49
40408.00,49.41
40407.00,49.24
40406.00,48.36
40403.00,48.28
40402.00,47.85
40401.00,48.08
40400.00,50.13
40399.00,50.83
40396.00,50.66
40395.00,50.6
40394.00,50.87
40393.00,50.83
40392.00,50.63
40389.00,49.05
40388.00,49
40387.00,49.06
40386.00,49.41
40385.00,49.56
40382.00,48.85
40381.00,48.33
40380.00,47.45
40379.00,47.81
40378.00,46.96
40375.00,46.37
40374.00,48.19
40373.00,48.36
40372.00,47.87
40371.00,47.54
40368.00,47.45
40367.00,46.5
40366.00,46.03
40365.00,45.45
40361.00,44.25
40360.00,44.91
40359.00,44.71
40358.00,45.07
40357.00,47.17
40354.00,47.4
40353.00,47.39
40352.00,47.71
40351.00,47.89
40350.00,48.89
40347.00,47.92
40346.00,47.01
40345.00,47.19
40344.00,47.12
40343.00,45.93
40340.00,45.11
40339.00,44.78
40338.00,43.9
40337.00,44.38
40336.00,43.51
40333.00,44.33
40332.00,45.48
40331.00,45.07
40330.00,43.49
40326.00,44
40325.00,44.81
40324.00,42.09
40323.00,42.2
40322.00,43.52
40319.00,44.1
40318.00,43.3
40317.00,46.27
40316.00,46.74
40315.00,48.05
40312.00,48.69
40311.00,49.35
40310.00,49.08
40309.00,48.97
40308.00,49.89
40305.00,46.89
40304.00,46.74
40303.00,48.68
40302.00,49.63
40301.00,51.74
40298.00,51.85
40297.00,52.4
40296.00,51.73
40295.00,51.03
40294.00,52.9
40291.00,52.74
40290.00,52.47
40289.00,52.36
40288.00,51.7
40287.00,51.07
40284.00,51.66
40283.00,52.68
40282.00,52.56
40281.00,51.32
40280.00,51.38
40277.00,52.05
40276.00,52.07
40275.00,51.65
40274.00,52.15
40273.00,52.12
40269.00,51.61
40268.00,50
40267.00,49.91
40266.00,49.68
40263.00,48.74
40262.00,49.04
40261.00,49.03
40260.00,49.4
40259.00,49.01
40256.00,49.25
40255.00,49.09
40254.00,49.43
40253.00,48.58
40252.00,48.33
40249.00,48.68
40248.00,48.95
40247.00,49.24
40246.00,48.82
40245.00,48.72
40242.00,48.4
40241.00,46.86
40240.00,47.06
40239.00,46.77
40238.00,46.23
40235.00,45.56
40234.00,45.4
40233.00,46.37
40232.00,46.09
40231.00,47.03
40228.00,46.54
40227.00,47.56
40226.00,47.26
40225.00,46.6
40221.00,45.69
40220.00,46.15
40219.00,45.09
40218.00,45.17
40217.00,43.9
40214.00,44.28
40213.00,44.82
40212.00,46.48
40211.00,46.69
40210.00,46.53
40207.00,45.44
40206.00,46.27
40205.00,46.52
40204.00,46.85
40203.00,48.07
40200.00,47.61
40199.00,49
40198.00,49.48
40197.00,50.42
40193.00,49.4
40192.00,49.78
40191.00,49.48
40190.00,49.4
40189.00,50.09
40186.00,49.78
40185.00,49.06
40184.00,50.08
40183.00,49.37
40182.00,49.35
40178.00,47.64
40177.00,47.62
40176.00,47.34
40175.00,47.5
40171.00,47.27
40170.00,46.52
40169.00,46.2
40168.00,46.08
40165.00,45.92
40164.00,45.82
40163.00,47.47
40162.00,47.53
40161.00,47.66
40158.00,47.39
40157.00,47.15
40156.00,46.87
40155.00,46.32
40154.00,47.1
40151.00,47.06
40150.00,46.45
40149.00,46.06
40148.00,45.58
40147.00,44.38
40144.00,44
40142.00,46.48
40141.00,46.18
40140.00,46.87
40137.00,46.08
40136.00,45.76
40135.00,46.09
40134.00,45.9
40133.00,46.15
40130.00,45.1
40129.00,44.67
40128.00,45.75
40127.00,45.36
40126.00,45.89
40123.00,44.5
40122.00,44.21
40121.00,44.11
40120.00,42.92
40119.00,43.13
40116.00,42.88
40115.00,44.96
40114.00,43.45
40113.00,45.32
40112.00,45.73
40109.00,45.43
40108.00,45.47
40107.00,45.82
40106.00,46.24
40105.00,46.98
40102.00,46.08
40101.00,47.66
40100.00,47.68
40099.00,46.09
40098.00,46.4
40095.00,46.62
40094.00,45.87
40093.00,45.17
40092.00,45.83
40091.00,45.85
40088.00,45.11
40087.00,45.39
40086.00,47.38
40085.00,47.13
40084.00,47.07
40081.00,46.69
40080.00,46.34
40079.00,47.22
40078.00,47.58
40077.00,46.46
40074.00,46.77
40073.00,46.53
40072.00,46.84
40071.00,45.54
40070.00,44.41
40067.00,44.81
40066.00,44.64
40065.00,43.8
40064.00,43.73
40060.00,43.3
40059.00,42.95
40058.00,42.57
40057.00,41.84
40056.00,41.59
40053.00,42.35
40052.00,42.34
40051.00,42.46
40050.00,42.36
40049.00,42.64
40046.00,42.36
40045.00,41.68
40044.00,40.65
40043.00,40.4
40042.00,39.15
40039.00,41.51
40038.00,41.63
40037.00,41.08
40036.00,40.76
40035.00,41.72
40032.00,42.73
40031.00,41.7
40030.00,41.92
40029.00,42.36
40028.00,42.75
40025.00,41.64
40024.00,41.19
40023.00,39.96
40022.00,40.25
40021.00,40.3
40018.00,39.8
40017.00,39.89
40016.00,39.26
40015.00,39.1
40014.00,38.93
40011.00,37.73
40010.00,37.5
40009.00,37.21
40008.00,34.97
40007.00,34.7
40004.00,35.66
40003.00,35.98
40002.00,35.69
40001.00,35.71
40000.00,36.11
39996.00,34.8
39995.00,35.91
39994.00,34.79
39993.00,35.04
39990.00,34.85
39989.00,34.94
39988.00,33.98
39987.00,33.77
39986.00,33.86
39983.00,34.74
39982.00,34.7
39981.00,34.85
39980.00,34.86
39979.00,35.24
39976.00,36.55
39975.00,36.64
39974.00,35.98
39973.00,34.99
39972.00,35.32
39969.00,35.71
39968.00,35.94
39967.00,35.51
39966.00,36.58
39965.00,37.42
39962.00,36.11
39961.00,35.68
39960.00,33.92
39959.00,35.37
39955.00,35.92
39954.00,35.89
39953.00,36.94
39952.00,36.76
39951.00,36.55
39948.00,34.78
39947.00,35.15
39946.00,35
39945.00,36.16
39944.00,35.99
39941.00,37.03
39940.00,35.2
39939.00,36.29
39938.00,36.39
39937.00,36.76
39934.00,34.74
39933.00,34.22
39932.00,33.23
39931.00,31.26
39930.00,31.9
39927.00,33.15
39926.00,32.93
39925.00,32.28
39924.00,32.22
39923.00,30.73
39920.00,32.44
39919.00,32.45
39918.00,32.37
39917.00,32.08
39916.00,32.6
39912.00,32.69
39911.00,30.68
39910.00,31.05
39909.00,31.65
39906.00,31.96
39905.00,31.73
39904.00,29.73
39903.00,28.46
39902.00,27.43
39899.00,29.64
39898.00,30.45
39897.00,29.36
39896.00,28.55
39895.00,29.25
39892.00,26.77
39891.00,27.23
39890.00,27.87
39889.00,26.97
39888.00,25.57
39885.00,24.9
39884.00,25.32
39883.00,24.55
39882.00,24.27
39881.00,22
39878.00,22.04
39877.00,21.4
39876.00,22.46
39875.00,20.67
39874.00,20.02
39871.00,21.8
39870.00,22.19
39869.00,22.63
39868.00,23.32
39867.00,22.44
39864.00,22.37
39863.00,23.75
39862.00,24.2
39861.00,24.32
39857.00,27.18
39856.00,27.26
39855.00,27.53
39854.00,26.84
39853.00,28.77
39850.00,29.53
39849.00,28.53
39848.00,28.2
39847.00,27.67
39846.00,26.38
39843.00,26.53
39842.00,26.75
39841.00,27.75
39840.00,25.9
39839.00,25.31
39836.00,25.1
39835.00,25.57
39834.00,26.39
39833.00,25.23
39829.00,26.79
39828.00,26.23
39827.00,26.96
39826.00,27.55
39825.00,26.61
39822.00,27.9
39821.00,29.57
39820.00,29.77
39819.00,29.77
39818.00,29.09
39815.00,29.02
39813.00,27.97
39812.00,27.69
39811.00,28
39808.00,27.62
39806.00,27.8
39805.00,26.88
39804.00,28.39
39801.00,29.05
39800.00,28.43
39799.00,28.5
39798.00,28.95
39797.00,26.77
39794.00,26.89
39793.00,27.24
39792.00,27.02
39791.00,25.05
39790.00,25.28
39787.00,23.3
39786.00,21.99
39785.00,23.35
39784.00,23.31
39783.00,21.79
39780.00,23.93
39778.00,23.4
39777.00,21.38
39776.00,22.54
39773.00,22.57
39772.00,19
39771.00,21.05
39770.00,23.37
39769.00,24.07
39766.00,24.6
39765.00,27.4
39764.00,24.87
39763.00,26.49
39762.00,27.69
39759.00,28.34
39758.00,25.38
39757.00,28.68
39756.00,30.98
39755.00,29.12
39752.00,28.4
39751.00,29.92
39750.00,24.51
39749.00,25.24
39748.00,20.89
39745.00,21.5
39744.00,24.24
39743.00,24.86
39742.00,27.69
39741.00,30.83
39738.00,29.1
39737.00,31.15
39736.00,31.11
39735.00,36.1
39734.00,36.8
39731.00,30.06
39730.00,28.38
39729.00,29.4
39728.00,31.59
39727.00,33.36
39724.00,36.26
39723.00,36.52
39722.00,39.05
39721.00,39.73
39720.00,37.2
39717.00,41.78
39716.00,43.27
39715.00,41.99
39714.00,41.25
39713.00,41.39
39710.00,43.95
39709.00,41.65
39708.00,38.58
39707.00,39.88
39706.00,41.24
39703.00,43.54
39702.00,42.5
39701.00,43.1
39700.00,41.5
39699.00,43.01
39696.00,40.46
39695.00,39.35
39694.00,39.7
39693.00,40.05
39689.00,43.27
39688.00,44.16
39687.00,44.5
39686.00,44.07
39685.00,44.48
39682.00,46.12
39681.00,46.52
39680.00,47.7
39679.00,46.91
39678.00,47.92
39675.00,48.72
39674.00,49.06
39673.00,48.4
39672.00,49
39671.00,49.91
39668.00,49.88
39667.00,48.55
39666.00,50.09
39665.00,49.51
39664.00,48.33
39661.00,49.47
39660.00,49.98
39659.00,50.78
39658.00,51.07
39657.00,50.04
39654.00,51.21
39653.00,51.22
39652.00,51.38
39651.00,49.91
39650.00,49.26
39647.00,48.29
39646.00,48.66
39645.00,49.11
39644.00,47.79
39643.00,49.24
39640.00,49.57
39639.00,49.29
39638.00,48.1
39637.00,48.98
39636.00,48.66
39632.00,49.39
39631.00,49.17
39630.00,50.58
39629.00,51.04
39626.00,51.42
39625.00,51.85
39624.00,53.21
39623.00,53.04
39622.00,53.23
39619.00,53.73
39618.00,55.75
39617.00,55.61
39616.00,55.63
39615.00,55.19
39612.00,55.13
39611.00,54.89
39610.00,55.27
39609.00,55.78
39608.00,56.87
39605.00,57.03
39604.00,59.24
39603.00,58.39
39602.00,58.21
39601.00,58.79
39598.00,59.41
39597.00,58.66
39596.00,57.63
39595.00,57.78
39591.00,56.79
39590.00,57.91
39589.00,57.52
39588.00,58.3
39587.00,60.07
39584.00,60.69
39583.00,60.15
39582.00,58.32
39581.00,58
39580.00,58.18
39577.00,57.25
39576.00,58.7
39575.00,58.78
39574.00,61.18
39573.00,61.06
39570.00,61.35
39569.00,60.98
39568.00,60.12
39567.00,59.5
39566.00,60.47
39563.00,60.6
39562.00,59.93
39561.00,59.96
39560.00,58.21
39559.00,59.33
39556.00,58.59
39555.00,57.9
39554.00,58.74
39553.00,57.79
39552.00,58.33
39549.00,58.41
39548.00,59
39547.00,58.25
39546.00,58.75
39545.00,59.66
39542.00,59.17
39541.00,59.17
39540.00,58.54
39539.00,58.21
39538.00,55.79
39535.00,55.14
39534.00,54.91
39533.00,55.16
39532.00,55.32
39531.00,54.8
39527.00,52.9
39526.00,50.97
39525.00,52
39524.00,49.78
39521.00,50.94
39520.00,53.23
39519.00,54.92
39518.00,56.16
39517.00,53.82
39514.00,55.03
39513.00,56
39512.00,57.3
39511.00,56.5
39510.00,56.88
39507.00,56.94
39506.00,59.16
39505.00,59.25
39504.00,58.95
39503.00,58.85
39500.00,57.73
39499.00,57.15
39498.00,57.86
39497.00,58.34
39493.00,57.22
39492.00,57.36
39491.00,56.82
39490.00,56.94
39489.00,56.6
39486.00,56.4
39485.00,55.74
39484.00,54.94
39483.00,55.86
39482.00,58.23
39479.00,57.55
39478.00,56.65
39477.00,54.72
39476.00,56.48
39475.00,56.16
39472.00,56.68
39471.00,56.95
39470.00,56.49
39469.00,56.27
39465.00,58.12
39464.00,56.66
39463.00,56.99
39462.00,58.25
39461.00,60.82
39458.00,60.34
39457.00,63.13
39456.00,62.22
39455.00,60.85
39454.00,61.5
39451.00,61
39450.00,63.37
39449.00,62.57
39447.00,64.7
39444.00,65.28
39443.00,64.75
39442.00,65.53
39440.00,66.39
39437.00,65.5
39436.00,63.6
39435.00,64.39
39434.00,63.5
39433.00,61.75
39430.00,64.6
39429.00,66.4
39428.00,67.5
39427.00,64.96
39426.00,67.41
39423.00,68.41
39422.00,69.45
39421.00,68.39
39420.00,65.92
39419.00,65.83
39416.00,66.33
39415.00,65.42
39414.00,66.4
39413.00,64.6
39412.00,62.2
39409.00,62.4
39407.00,61.61
39406.00,65.3
39405.00,64.97
39402.00,67.94
39401.00,67.64
39400.00,69.49
39399.00,69.69
39398.00,65.63
39395.00,68.66
39394.00,69.54
39393.00,70.9
39392.00,73.85
39391.00,70.01
39388.00,71.4
39387.00,71.34
39386.00,74.76
39385.00,72.25
39384.00,74.16
39381.00,73.11
39380.00,69.95
39379.00,67.81
39378.00,68.62
39377.00,67.17
39374.00,67.45
39373.00,70.15
39372.00,69.6
39371.00,68.6
39370.00,70.51
39367.00,72.05
39366.00,72
39365.00,72.22
39364.00,72
39363.00,71.2
39360.00,71.94
39359.00,70.93
39358.00,70.55
39357.00,71.9
39356.00,70.82
39353.00,68.06
39352.00,68.9
39351.00,68.32
39350.00,67.38
39349.00,68.1
39346.00,67.56
39345.00,66.6
39344.00,67.42
39343.00,66.29
39342.00,64.02
39339.00,64.52
39338.00,64.24
39337.00,62.89
39336.00,63.61
39335.00,62.28
39332.00,62.67
39331.00,64.36
39330.00,63.2
39329.00,64.7
39325.00,64.1
39324.00,62.4
39323.00,63.12
39322.00,59.55
39321.00,60.85
39318.00,62.14
39317.00,60.87
39316.00,60.76
39315.00,58.18
39314.00,58.64
39311.00,58.5
39310.00,56.28
39309.00,58.47
39308.00,60.4
39307.00,62.3
39304.00,62.15
39303.00,63
39302.00,66.21
39301.00,64.56
39300.00,64.35
39297.00,62.03
39296.00,64.33
39295.00,64.4
39294.00,65.97
39293.00,66.6
39290.00,64.15
39289.00,65.4
39288.00,68.95
39287.00,67.95
39286.00,69.4
39283.00,67.87
39282.00,67.43
39281.00,66.75
39280.00,67.7
39279.00,67.65
39276.00,68.6
39275.00,67.5
39274.00,65.49
39273.00,64.79
39272.00,65.66
39269.00,65.2
39268.00,63.83
39266.00,62.85
39265.00,62.01
39262.00,60.3
39261.00,60.45
39260.00,60.24
39259.00,59.71
39258.00,60.35
39255.00,60.49
39254.00,62.22
39253.00,61.24
39252.00,62.35
39251.00,62.18
39248.00,61.9
39247.00,61.27
39246.00,59.91
39245.00,58.78
39244.00,59.29
39241.00,59.9
39240.00,58.7
39239.00,58.96
39238.00,59.8
39237.00,60.05
39234.00,59.25
39233.00,58.1
39232.00,57.45
39231.00,56.95
39227.00,56.9
39226.00,55.8
39225.00,56.8
39224.00,56.87
39223.00,56.3
39220.00,55.91
39219.00,56.1
39218.00,56.68
39217.00,55.55
39216.00,55.85
39213.00,56.4
39212.00,55
39211.00,56.21
39210.00,55.35
39209.00,55.41
39206.00,54.65
39205.00,55
39204.00,54.52
39203.00,53.5
39202.00,53.06
39199.00,53.56
39198.00,54.01
39197.00,54.15
39196.00,53.96
39195.00,53.71
39192.00,53.89
39191.00,53.07
39190.00,53.55
39189.00,53.49
39188.00,54
39185.00,53.78
39184.00,53.82
39183.00,52.57
39182.00,52.68
39181.00,52.74
39177.00,52.43
39176.00,52.25
39175.00,52.12
39174.00,51.35
39171.00,50.57
39170.00,50.87
39169.00,49.75
39168.00,50.18
39167.00,50.62
39164.00,50.66
39163.00,50.65
39162.00,51.69
39161.00,50.41
39160.00,50.36
39157.00,49.34
39156.00,49.66
39155.00,49.35
39154.00,48.62
39153.00,50.32
39150.00,49.32
39149.00,49.69
39148.00,48.6
39147.00,49.15
39146.00,47.03
39143.00,47.72
39142.00,48.24
39141.00,48.99
39140.00,48.03
39139.00,51.3
39136.00,51.38
39135.00,51.46
39134.00,51.19
39133.00,51.05
39129.00,50.92
39128.00,50.53
39127.00,50.43
39126.00,49.66
39125.00,49.06
39122.00,49.2
39121.00,49.45
39120.00,49.72
39119.00,50
39118.00,49.34
39115.00,49.07
39114.00,48.55
39113.00,47.31
39112.00,47.44
39111.00,47.04
39108.00,47.49
39107.00,47.32
39106.00,48.6
39105.00,47.57
39104.00,47
39101.00,47.47
39100.00,47.35
39099.00,47.62
39098.00,48.01
39094.00,47.86
39093.00,46.81
39092.00,46.45
39091.00,46.6
39090.00,47.12
39087.00,47.03
39086.00,48.19
39085.00,48.73
39080.00,49.4
39079.00,49.4
39078.00,49.65
39077.00,49.57
39073.00,49.16
39072.00,49.49
39071.00,49.73
39070.00,49.52
39069.00,49.71
39066.00,49.89
39065.00,49.99
39064.00,48.47
39063.00,48.08
39062.00,48.55
39059.00,48.65
39058.00,49.42
39057.00,49.66
39056.00,50.05
39055.00,50.05
39052.00,49.51
39051.00,49.5
39050.00,49.5
39049.00,48.87
39048.00,48.7
39045.00,49.39
39043.00,49.69
39042.00,49.14
39041.00,48.77
39038.00,49.06
39037.00,49.26
39036.00,49.3
39035.00,49.42
39034.00,48.96
39031.00,48.56
39030.00,48.48
39029.00,48.03
39028.00,47.9
39027.00,48.09
39024.00,47.77
39023.00,47.57
39022.00,47.1
39021.00,47.24
39020.00,46.61
39017.00,46.75
39016.00,47.35
39015.00,47.08
39014.00,46.62
39013.00,46.58
39010.00,46.47
39009.00,46.46
39008.00,46.55
39007.00,46.42
39006.00,46.8
39003.00,46.43
39002.00,46.27
39001.00,45.4
39000.00,45.61
38999.00,45.5
38996.00,47.3
38995.00,47.79
38994.00,47.13
38993.00,46.89
38992.00,46.97
38989.00,46.25
38988.00,47.45
38987.00,47.15
38986.00,46.85
38985.00,47.11
38982.00,46.3
38981.00,47.09
38980.00,47.5
38979.00,46.7
38978.00,46.85
38975.00,46.3
38974.00,45.8
38973.00,45.5
38972.00,45.67
38971.00,45.1
38968.00,46.14
38967.00,45.87
38966.00,46.02
38965.00,46.75
38961.00,46.48
38960.00,45.86
38959.00,45.61
38958.00,45.9
38957.00,45.29
38954.00,45.16
38953.00,44.85
38952.00,45.17
38951.00,45.9
38950.00,45.47
38947.00,45.95
38946.00,45.65
38945.00,45.18
38944.00,44.84
38943.00,44.05
38940.00,44
38939.00,44.85
38938.00,44.76
38937.00,44.55
38936.00,44.35
38933.00,44.77
38932.00,44.47
38931.00,44.61
38930.00,44
38929.00,45.15
38926.00,45.6
38925.00,45.05
38924.00,44.5
38923.00,44.25
38922.00,44.3
38919.00,43
38918.00,43.25
38917.00,43.74
38916.00,42.1
38915.00,42.45
38912.00,42.8
38911.00,43.35
38910.00,44.5
38909.00,45.04
38908.00,44.85
38905.00,43.84
38904.00,44.28
38903.00,44.05
38901.00,45.8
38898.00,45.12
38897.00,44.54
38896.00,42.4
38895.00,41.59
38894.00,42.1
38891.00,42.05
38890.00,41.95
38889.00,42.5
38888.00,41.58
38887.00,41.99
38884.00,42.93
38883.00,43.2
38882.00,41.68
38881.00,40.06
38880.00,41.4
38877.00,41.99
38876.00,42.28
38875.00,43.59
38874.00,44.3
38873.00,44.45
38870.00,45.86
38869.00,45.82
38868.00,45.3
38867.00,44.44
38863.00,46.54
38862.00,46.01
38861.00,45.65
38860.00,45.85
38859.00,45.63
38856.00,47.85
38855.00,46.99
38854.00,47.47
38853.00,48.45
38852.00,48.77
38849.00,49.82
38848.00,50.76
38847.00,51.73
38846.00,51.7
38845.00,52.15
38842.00,51.5
38841.00,51.08
38840.00,50.64
38839.00,50.68
38838.00,49.9
38835.00,49.6
38834.00,50.54
38833.00,50.97
38832.00,49.86
38831.00,50.11
38828.00,50.58
38827.00,50.24
38826.00,50.39
38825.00,50.3
38824.00,49.21
38820.00,48.33
38819.00,47.41
38818.00,47.52
38817.00,48.72
38814.00,48.75
38813.00,49.09
38812.00,49.12
38811.00,48.45
38810.00,47.64
38807.00,46.65
38806.00,45.76
38805.00,45.84
38804.00,45.02
38803.00,45.59
38800.00,44.95
38799.00,44.69
38798.00,45.13
38797.00,45.45
38796.00,46.45
38793.00,45.9
38792.00,45.3
38791.00,45.73
38790.00,45.69
38789.00,45.15
38786.00,44.71
38785.00,43.75
38784.00,44.14
38783.00,43.35
38782.00,45.1
38779.00,45.55
38778.00,46.86
38777.00,47.24
38776.00,46.41
38775.00,47.58
38772.00,47.11
38771.00,46.6
38770.00,46.09
38769.00,46.21
38765.00,45.73
38764.00,45.55
38763.00,44.82
38762.00,45.96
38761.00,44.4
38758.00,46.05
38757.00,45.59
38756.00,45.56
38755.00,45.34
38754.00,46.76
38751.00,45.65
38750.00,46.63
38749.00,47.5
38748.00,48.21
38747.00,47.86
38744.00,48.04
38743.00,47.18
38742.00,46.32
38741.00,45.63
38740.00,44.22
38737.00,43.45
38736.00,45.58
38735.00,44.59
38734.00,45.38
38730.00,46.69
38729.00,46.36
38728.00,46.7
38727.00,46.57
38726.00,47.47
38723.00,47.32
38722.00,46.38
38721.00,46.55
38720.00,46.41
38716.00,44.75
38715.00,44.85
38714.00,44.74
38713.00,44.49
38709.00,44.41
38708.00,44.14
38707.00,44.2
38706.00,43.31
38705.00,42.99
38702.00,42.8
38701.00,43.2
38700.00,43.32
38699.00,43.32
38698.00,42.85
38695.00,42.39
38694.00,42.2
38693.00,42.2
38692.00,42.4
38691.00,41.62
38688.00,41.53
38687.00,41.85
38686.00,40.79
38685.00,40.48
38684.00,40.5
38681.00,40.88
38679.00,41
38678.00,39.54
38677.00,40.38
38674.00,40.81
38673.00,40.74
38672.00,40.3
38671.00,39.88
38670.00,40.36
38667.00,40.21
38666.00,39.35
38665.00,39.05
38664.00,38.61
38663.00,38.63
38660.00,38.6
38659.00,39.24
38658.00,39.17
38657.00,37.95
38656.00,37.25
38653.00,36.55
38652.00,36.45
38651.00,37.19
38650.00,36.74
38649.00,37.41
38646.00,36.92
38645.00,35.7
38644.00,36.46
38643.00,36.46
38642.00,37.03
38639.00,37.55
38638.00,37.23
38637.00,37.9
38636.00,39.38
38635.00,38.64
38632.00,38.36
38631.00,37.42
38630.00,38.7
38629.00,39.58
38628.00,39.17
38625.00,39.45
38624.00,39.7
38623.00,39.69
38622.00,39.2
38621.00,39.25
38618.00,38.6
38617.00,39.42
38616.00,39.11
38615.00,38.8
38614.00,39.25
38611.00,38.72
38610.00,38.55
38609.00,38.17
38608.00,37.71
38607.00,37.95
38604.00,38.1
38603.00,37.4
38602.00,37.7
38601.00,37.15
38597.00,36.6
38596.00,35.91
38595.00,35.1
38594.00,34.35
38593.00,34.71
38590.00,34.71
38589.00,35.54
38588.00,34.95
38587.00,36.1
38586.00,36.48
38583.00,35.43
38582.00,35.46
38581.00,36.6
38580.00,36.2
38579.00,37.2
38576.00,37.32
38575.00,37.3
38574.00,36.5
38573.00,36.43
38572.00,35.6
38569.00,35.25
38568.00,36.35
38567.00,36.75
38566.00,36.96
38565.00,36.47
38562.00,35.99
38561.00,36.03
38560.00,35.35
38559.00,35.25
38558.00,35.28
38555.00,35.13
38554.00,35.2
38553.00,34.62
38552.00,34.8
38551.00,34.15
38548.00,34.15
38547.00,34.55
38546.00,33.7
38545.00,33.74
38544.00,33.41
38541.00,32.35
38540.00,31.99
38539.00,31.81
38538.00,32.09
38534.00,32.4
38533.00,32
38532.00,32.25
38531.00,32.5
38530.00,32.4
38527.00,32.68
38526.00,33
38525.00,33.07
38524.00,32.79
38523.00,32.85
38520.00,33.42
38519.00,33.3
38518.00,33.27
38517.00,32.77
38516.00,32.77
38513.00,32.87
38512.00,32.8
38511.00,32.5
38510.00,32.33
38509.00,32.64
38506.00,32.35
38505.00,32.33
38504.00,32.44
38503.00,32.15
38499.00,32.29
38498.00,32.1
38497.00,31.75
38496.00,32.29
38495.00,32.15
38492.00,32.08
38491.00,32.17
38490.00,31.8
38489.00,31.18
38488.00,31.15
38485.00,30.78
38484.00,30.66
38483.00,31.2
38482.00,31.15
38481.00,31.69
38478.00,31.7
38477.00,31.65
38476.00,31.8
38475.00,30.43
38474.00,30.61
38471.00,30.84
38470.00,30.39
38469.00,30.95
38468.00,31.55
38467.00,31.85
38464.00,31.15
38463.00,31.63
38462.00,30.77
38461.00,31.2
38460.00,30.65
38457.00,30.84
38456.00,31.25
38455.00,32.51
38454.00,32.9
38453.00,32.64
38450.00,33
38449.00,33.3
38448.00,32.95
38447.00,32.7
38446.00,32.52
38443.00,32.2
38442.00,31.81
38441.00,31.64
38440.00,31.4
38439.00,32.25
38435.00,31.86
38434.00,32.2
38433.00,32.31
38432.00,32.62
38429.00,32.95
38428.00,32.91
38427.00,32.75
38426.00,33.04
38425.00,34.16
38422.00,34.15
38421.00,33.55
38420.00,33.79
38419.00,33.85
38418.00,34.16
38415.00,34.5
38414.00,34.25
38413.00,33.99
38412.00,34.62
38411.00,34.33
38408.00,34.12
38407.00,33.45
38406.00,32.98
38405.00,32.77
38401.00,32.95
38400.00,32.2
38399.00,32.34
38398.00,32.45
38397.00,32.11
38394.00,31.7
38393.00,31.22
38392.00,31.65
38391.00,31.88
38390.00,31.7
38387.00,31.4
38386.00,30.77
38385.00,30.72
38384.00,30.9
38383.00,30.97
38380.00,30.4
38379.00,30.74
38378.00,30.83
38377.00,30.29
38376.00,30.35
38373.00,30.05
38372.00,29.96
38371.00,30
38370.00,30.59
38366.00,29.85
38365.00,28.85
38364.00,28.58
38363.00,28.44
38362.00,27.91
38359.00,27.7
38358.00,27.78
38357.00,28.25
38356.00,28.06
38355.00,28.85
38352.00,29.25
38351.00,29
38350.00,28.57
38349.00,28.48
38348.00,28.24
38344.00,28.2
38343.00,28.24
38342.00,28.3
38341.00,28.26
38338.00,27.85
38337.00,27.75
38336.00,27.64
38335.00,27
38334.00,26.76
38331.00,26.58
38330.00,27.45
38329.00,27.62
38328.00,27.58
38327.00,28.4
38324.00,28.55
38323.00,28.7
38322.00,28.7
38321.00,28.26
38320.00,27.95
38317.00,28
38315.00,27.95
38314.00,27.4
38313.00,27.27
38310.00,27.44
38309.00,27.98
38308.00,28.11
38307.00,27.31
38306.00,27.68
38303.00,27.25
38302.00,26.52
38301.00,26.08
38300.00,26
38299.00,26.25
38296.00,26.5
38295.00,26.65
38294.00,26.35
38293.00,25.93
38292.00,25.53
38289.00,25.54
38288.00,25.25
38287.00,25.2
38286.00,24.63
38285.00,24.39
38282.00,24.41
38281.00,24.7
38280.00,24.95
38279.00,25.38
38278.00,25.37
38275.00,25.04
38274.00,24.91
38273.00,25.32
38272.00,25.6
38271.00,26.26
38268.00,26.15
38267.00,26.44
38266.00,26.66
38265.00,25.75
38264.00,26.5
38261.00,25.77
38260.00,25
38259.00,25.09
38258.00,25
38257.00,24.91
38254.00,25.13
38253.00,24.87
38252.00,24.84
38251.00,25.94
38250.00,25.66
38247.00,25.7
38246.00,25.85
38245.00,25.45
38244.00,25.68
38243.00,25.76
38240.00,25.28
38239.00,24.73
38238.00,24.49
38237.00,24.67
38233.00,25.09
38232.00,25.09
38231.00,24.75
38230.00,24.25
38229.00,24.05
38226.00,24.49
38225.00,24.62
38224.00,24.4
38223.00,24.09
38222.00,24
38219.00,24.21
38218.00,23.98
38217.00,23.88
38216.00,23.45
38215.00,23.7
38212.00,23.45
38211.00,23.05
38210.00,22.97
38209.00,22.95
38208.00,22.41
38205.00,21.9
38204.00,22.25
38203.00,21.91
38202.00,21.65
38201.00,21.84
38198.00,22.05
38197.00,22.15
38196.00,22.37
38195.00,22.3
38194.00,21.96
38191.00,21.96
38190.00,22.54
38189.00,22.21
38188.00,22.5
38187.00,22.61
38184.00,22.39
38183.00,22.01
38182.00,22.2
38181.00,23.07
38180.00,22.84
38177.00,22.89
38176.00,22.61
38175.00,23.2
38174.00,22.9
38170.00,23.19
38169.00,23.65
38168.00,24.34
38167.00,23.95
38166.00,23.75
38163.00,24.06
38162.00,23.5
38161.00,22.7
38160.00,22.8
38159.00,22.5
38156.00,22.52
38155.00,22.76
38154.00,22.62
38153.00,23.05
38152.00,22.2
38148.00,23.7
38147.00,23.94
38146.00,24.89
38145.00,24.99
38142.00,23.81
38141.00,23.49
38140.00,24.64
38139.00,24.84
38135.00,24.85
38134.00,24.65
38133.00,24.21
38132.00,24.18
38131.00,24.01
38128.00,23.93
38127.00,23.47
38126.00,23.35
38125.00,22.52
38124.00,21.89
38121.00,22.94
38120.00,23.75
38119.00,24.2
38118.00,23.79
38117.00,23.33
38114.00,24.9
38113.00,25.25
38112.00,26.32
38111.00,26.32
38110.00,26.17
38107.00,25.85
38106.00,26.03
38105.00,27.44
38104.00,28.75
38103.00,28.8
38100.00,29.64
38099.00,29.35
38098.00,29.46
38097.00,28.99
38096.00,28.89
38093.00,28.6
38092.00,29.07
38091.00,29.15
38090.00,29.32
38089.00,30.05
38085.00,29.68
38084.00,29.3
38083.00,29.19
38082.00,28.99
38079.00,28.7
38078.00,28.58
38077.00,28.19
38076.00,27.71
38075.00,27.81
38072.00,27.15
38071.00,27.34
38070.00,26.95
38069.00,27.15
38068.00,26.57
38065.00,27.15
38064.00,27.22
38063.00,27.39
38062.00,26.45
38061.00,26.07
38058.00,26.37
38057.00,26.88
38056.00,26.9
38055.00,27.74
38054.00,27.95
38051.00,28.64
38050.00,28.5
38049.00,27.95
38048.00,28.14
38047.00,27.92
38044.00,27.62
38043.00,26.97
38042.00,27.06
38041.00,26.87
38040.00,27.21
38037.00,27.4
38036.00,27.88
38035.00,27.95
38034.00,28.46
38030.00,28.16
38029.00,28.04
38028.00,28.35
38027.00,27.7
38026.00,27.44
38023.00,27.14
38022.00,26.4
38021.00,26.01
38020.00,26.33
38019.00,26.73
38016.00,26.58
38015.00,26.7
38014.00,26.75
38013.00,26.79
38012.00,27.8
38009.00,27.2
38008.00,27.77
38007.00,27.28
38006.00,26.78
38002.00,26.42
38001.00,26.29
38000.00,26.5
37999.00,26.2
37998.00,26.75
37995.00,26.1
37994.00,25.74
37993.00,25.55
37992.00,25.45
37991.00,25.85
37988.00,25.7
37986.00,25.04
37985.00,24.94
37984.00,24.44
37981.00,24.17
37979.00,24.25
37978.00,24.3
37977.00,24.46
37974.00,24.65
37973.00,24.82
37972.00,24.3
37971.00,24.74
37970.00,24.87
37967.00,24.83
37966.00,24.73
37965.00,24
37964.00,23.62
37963.00,24.07
37960.00,23.79
37959.00,24.66
37958.00,24.51
37957.00,24.62
37956.00,24.82
37953.00,23.67
37951.00,23.4
37950.00,23.27
37949.00,23.08
37946.00,23.29
37945.00,23.26
37944.00,23.75
37943.00,24.25
37942.00,24.13
37939.00,24.98
37938.00,25.26
37937.00,24.94
37936.00,24.38
37935.00,24.56
37932.00,24.76
37931.00,24.25
37930.00,24.87
37929.00,24.27
37928.00,24.32
37925.00,24.19
37924.00,24.29
37923.00,23.99
37922.00,23.65
37921.00,23.3
37918.00,22.53
37917.00,22.9
37916.00,23.55
37915.00,23.93
37914.00,23.7
37911.00,23.3
37910.00,23.66
37909.00,23.32
37908.00,23.94
37907.00,24.39
37904.00,23.95
37903.00,23.16
37902.00,22.55
37901.00,22.92
37900.00,23.17
37897.00,23.21
37896.00,22.7
37895.00,22.29
37894.00,21.35
37893.00,21.67
37890.00,21.54
37889.00,21.79
37888.00,21.92
37887.00,22.35
37886.00,22.01
37883.00,22.95
37882.00,23.49
37881.00,23.51
37880.00,23.59
37879.00,22.86
37876.00,23.02
37875.00,23.5
37874.00,23.05
37873.00,23.3
37872.00,23.84
37869.00,23.54
37868.00,23.69
37867.00,23.56
37866.00,23.75
37862.00,23.39
37861.00,23.05
37860.00,23.23
37859.00,23.27
37858.00,23.29
37855.00,23.35
37854.00,23.65
37853.00,22.79
37852.00,22.7
37851.00,22.5
37848.00,22.4
37847.00,22.25
37846.00,21.48
37845.00,21.05
37844.00,21.41
37841.00,21.34
37840.00,21.61
37839.00,21.48
37838.00,21.78
37837.00,21.95
37834.00,22.13
37833.00,21.7
37832.00,22.13
37831.00,22.3
37830.00,22
37827.00,21.95
37826.00,21.53
37825.00,21.13
37824.00,21.45
37823.00,20.81
37820.00,21.4
37819.00,21.3
37818.00,22
37817.00,21.81
37816.00,22.5
37813.00,21.61
37812.00,21.27
37811.00,21.9
37810.00,21.99
37809.00,21.25
37805.00,20.91
37804.00,20.76
37803.00,20.2
37802.00,19.99
37799.00,20.19
37798.00,20.48
37797.00,19.95
37796.00,19.73
37795.00,19.8
37792.00,20.38
37791.00,20.6
37790.00,20.33
37789.00,20.05
37788.00,19.96
37785.00,19.52
37784.00,19.68
37783.00,19.59
37782.00,19.48
37781.00,18.99
37778.00,19.12
37777.00,19.07
37776.00,19
37775.00,18.62
37774.00,18.91
37771.00,18.5
37770.00,18.34
37769.00,18.33
37768.00,18.19
37764.00,17.85
37763.00,17.65
37762.00,17.44
37761.00,17.62
37760.00,17.3
37757.00,17.86
37756.00,18.34
37755.00,17.8
37754.00,18.08
37753.00,18.92
37750.00,18.4
37749.00,18.05
37748.00,18.15
37747.00,17.87
37746.00,17.45
37743.00,17.46
37742.00,17.29
37741.00,17.27
37740.00,17.2
37739.00,16.61
37736.00,16.06
37735.00,16.75
37734.00,17.35
37733.00,17.6
37732.00,18.14
37728.00,18
37727.00,17.8
37726.00,17.52
37725.00,17.18
37722.00,16.65
37721.00,16.41
37720.00,15.8
37719.00,16.14
37718.00,16.26
37715.00,15.69
37714.00,15.35
37713.00,15.62
37712.00,15.26
37711.00,15.02
37708.00,15.78
37707.00,15.77
37706.00,16.04
37705.00,15.95
37704.00,16.05
37701.00,16.95
37700.00,16.5
37699.00,15.59
37698.00,15.57
37697.00,15.39
37694.00,15.53
37693.00,15.85
37692.00,15.07
37691.00,15.07
37690.00,15.43
37687.00,15.99
37686.00,16
37685.00,16.37
37684.00,16.8
37683.00,17.36
37680.00,16.99
37679.00,17.34
37678.00,17.24
37677.00,17.6
37676.00,17.93
37673.00,17.89
37672.00,17.8
37671.00,17.51
37670.00,17.61
37666.00,17.01
37665.00,16.6
37664.00,16.92
37663.00,16.58
37662.00,16.99
37659.00,16.97
37658.00,17.4
37657.00,17.8
37656.00,17.66
37655.00,18.07
37652.00,17.63
37651.00,17.36
37650.00,17.6
37649.00,18.24
37648.00,17.5
37645.00,17.81
37644.00,19.01
37643.00,18.4
37642.00,18.78
37638.00,18.68
37637.00,19.32
37636.00,19.1
37635.00,19.69
37634.00,19.38
37631.00,18.77
37630.00,19.15
37629.00,19.15
37628.00,19.45
37627.00,20.19
37624.00,19.65
37623.00,18.78
37621.00,18.35
37620.00,18.38
37617.00,18.33
37616.00,19.02
37614.00,19.2
37613.00,19.79
37610.00,20.29
37609.00,20.11
37608.00,20.09
37607.00,20.33
37606.00,20.26
37603.00,20.28
37602.00,20.31
37601.00,19.94
37600.00,20.08
37599.00,19.7
37596.00,20.3
37595.00,20.34
37594.00,20.05
37593.00,21.18
37592.00,21.32
37589.00,21.2
37587.00,21.3
37586.00,20.26
37585.00,20.74
37582.00,20.74
37581.00,20.21
37580.00,19.99
37579.00,19.53
37578.00,19.41
37575.00,19.77
37574.00,19.49
37573.00,19.47
37572.00,19.32
37571.00,19.45
37568.00,19.9
37567.00,19.75
37566.00,19.3
37565.00,19.59
37564.00,19.56
37561.00,18.54
37560.00,18.84
37559.00,18.86
37558.00,19.06
37557.00,19.01
37554.00,18.57
37553.00,18.3
37552.00,18.49
37551.00,17.82
37550.00,18.7
37547.00,18.81
37546.00,18.41
37545.00,17.5
37544.00,18.08
37543.00,16.75
37540.00,16.81
37539.00,16.42
37538.00,16.53
37537.00,17.49
37536.00,17.13
37533.00,17.66
37532.00,17.75
37531.00,17.96
37530.00,18.43
37529.00,17.51
37526.00,18.35
37525.00,18.95
37524.00,18.96
37523.00,18.52
37522.00,18.71
37519.00,19.96
37518.00,20
37517.00,20.2
37516.00,20.11
37515.00,19.99
37512.00,20.69
37511.00,20.91
37510.00,20.97
37509.00,20.72
37508.00,20.25
37505.00,20.65
37504.00,20.65
37503.00,20.81
37502.00,20.84
37498.00,21.04
37497.00,20.6
37496.00,20.35
37495.00,20.71
37494.00,21.22
37491.00,21.06
37490.00,21.63
37489.00,21.99
37488.00,21.16
37487.00,21.05
37484.00,20.77
37483.00,20.91
37482.00,21.09
37481.00,20.08
37480.00,19.62
37477.00,19.71
37476.00,20.09
37475.00,19.6
37474.00,19.38
37473.00,18.76
37470.00,19.65
37469.00,19.96
37468.00,20.25
37467.00,20.94
37466.00,21.06
37463.00,20.15
37462.00,20.94
37461.00,22.4
37460.00,21.7
37459.00,21
37456.00,21.86
37455.00,22.74
37454.00,22.85
37453.00,22.5
37452.00,23.2
37449.00,23.32
37448.00,23.03
37447.00,23.35
37446.00,23.61
37445.00,23.12
37442.00,23.34
37440.00,21.57
37439.00,21.04
37438.00,21.42
37435.00,21.89
37434.00,21.3
37433.00,20.99
37432.00,21.85
37431.00,22.64
37428.00,22.06
37427.00,22.35
37426.00,22.13
37425.00,23.74
37424.00,23.54
37421.00,23.07
37420.00,23.65
37419.00,23.84
37418.00,23.41
37417.00,23.49
37414.00,22.93
37413.00,23.2
37412.00,23.6
37411.00,23.43
37410.00,22.59
37407.00,23.03
37406.00,23.36
37405.00,23.66
37404.00,24.08
37400.00,23.89
37399.00,23.71
37398.00,23.79
37397.00,22.91
37396.00,23.75
37393.00,24.28
37392.00,23.3
37391.00,23.32
37390.00,22.94
37389.00,22.15
37386.00,21.72
37385.00,22.85
37384.00,23.34
37383.00,21.7
37382.00,21.04
37379.00,22.5
37378.00,22.74
37377.00,22.45
37376.00,22.54
37375.00,21.78
37372.00,23
37371.00,23.35
37370.00,24.2
37369.00,24.3
37368.00,23.66
37365.00,23.91
37364.00,24
37363.00,24.2
37362.00,23.45
37361.00,22.63
37358.00,21.75
37357.00,21.1
37356.00,21.49
37355.00,21.92
37354.00,22.81
37351.00,23.53
37350.00,23.29
37349.00,23.15
37348.00,23.02
37347.00,22.56
37343.00,22.95
37342.00,23.19
37341.00,22.59
37340.00,22.25
37337.00,22.78
37336.00,22.4
37335.00,22.3
37334.00,23.15
37333.00,22.44
37330.00,22.42
37329.00,22.26
37328.00,21.91
37327.00,21.9
37326.00,21.55
37323.00,21.51
37322.00,21.54
37321.00,21.98
37320.00,21.74
37319.00,21.93
37316.00,21.8
37315.00,21.28
37314.00,21.21
37313.00,20.99
37312.00,20.94
37309.00,20.65
37308.00,20.1
37307.00,20.15
37306.00,19.92
37302.00,20.05
37301.00,20.55
37300.00,19.3
37299.00,19.11
37298.00,19.18
37295.00,18.93
37294.00,18.6
37293.00,18.9
37292.00,18.83
37291.00,18.36
37288.00,18.97
37287.00,19.19
37286.00,19.34
37285.00,19.43
37284.00,20.12
37281.00,19.79
37280.00,19.34
37279.00,18.74
37278.00,18.29
37274.00,18.1
37273.00,18.33
37272.00,18
37271.00,18.55
37270.00,19.03
37267.00,18.49
37266.00,18.64
37265.00,19.39
37264.00,18.99
37263.00,19.32
37260.00,19.57
37259.00,18.69
37258.00,18.43
37256.00,17.71
37253.00,17.36
37252.00,16.89
37251.00,16.53
37249.00,16.33
37246.00,16.46
37245.00,16.71
37244.00,16.41
37243.00,16.85
37242.00,16.73
37239.00,17.01
37238.00,17.67
37237.00,17.73
37236.00,17.42
37235.00,17.38
37232.00,18.36
37231.00,17.84
37230.00,18.33
37229.00,16.7
37228.00,16.45
37225.00,16.26
37224.00,15.9
37223.00,15.76
37222.00,17.18
37221.00,17.27
37218.00,16.37
37216.00,15.46
37215.00,15.38
37214.00,15.84
37211.00,15.27
37210.00,15.34
37209.00,15.42
37208.00,15.03
37207.00,14.63
37204.00,14.34
37203.00,14.05
37202.00,13.8
37201.00,13.7
37200.00,13.69
37197.00,13.49
37196.00,13.53
37195.00,12.82
37194.00,12.73
37193.00,13.1
37190.00,13.23
37189.00,13.11
37188.00,13.09
37187.00,12.41
37186.00,12.3
37183.00,12.3
37182.00,12.43
37181.00,12.31
37180.00,12.42
37179.00,12.22
37176.00,12.25
37175.00,12.3
37174.00,11.8
37173.00,11.61
37172.00,11.44
37169.00,11.59
37168.00,11.73
37167.00,11.5
37166.00,11.13
37165.00,11.07
37162.00,11.01
37161.00,10.85
37160.00,10.96
37159.00,10.95
37158.00,11.49
37155.00,10.95
37154.00,10.81
37153.00,11.56
37152.00,11.53
37151.00,11.3
37144.00,13.53
37141.00,13.21
37140.00,13.2
37139.00,13.43
37138.00,13.4
37134.00,13.2
37133.00,13.54
37132.00,13.58
37131.00,14.03
37130.00,13.96
37127.00,13.89
37126.00,13.8
37125.00,13.94
37124.00,13.61
37123.00,13.94
37120.00,13.84
37119.00,14.23
37118.00,14.02
37117.00,13.97
37116.00,13.87
37113.00,13.45
37112.00,13.48
37111.00,13.91
37110.00,13.82
37109.00,13.71
37106.00,14.09
37105.00,14.03
37104.00,13.83
37103.00,13.1
37102.00,12.89
37099.00,13.18
37098.00,12.97
37097.00,12.78
37096.00,12.3
37095.00,12.54
37092.00,12.86
37091.00,12.94
37090.00,12.72
37089.00,13
37088.00,12.91
37085.00,13.1
37084.00,13.4
37083.00,13.14
37082.00,13.25
37081.00,13.36
37078.00,13.75
37077.00,14.12
37075.00,14.12
37074.00,14.26
37071.00,14.29
37070.00,14.65
37069.00,13.81
37068.00,13.95
37067.00,14.2
37064.00,14.2
37063.00,14.3
37062.00,14.25
37061.00,14.15
37060.00,14.61
37057.00,14.82
37056.00,14.45
37055.00,14.95
37054.00,14.56
37053.00,14.79
37050.00,15.07
37049.00,14.78
37048.00,14.5
37047.00,14.54
37046.00,14.91
37043.00,14.82
37042.00,15.07
37041.00,14.85
37040.00,15.27
37036.00,15.05
37035.00,15.29
37034.00,15.24
37033.00,15
37032.00,15.36
37029.00,14.63
37028.00,14.66
37027.00,14.24
37026.00,13.87
37025.00,14.1
37022.00,14.28
37021.00,14.1
37020.00,14.1
37019.00,14.52
37018.00,14.55
37015.00,14.5
37014.00,14.4
37013.00,14.29
37012.00,14.27
37011.00,14.01
37008.00,13.16
37007.00,13.6
37006.00,13.85
37005.00,13.5
37004.00,13.1
37001.00,13.27
37000.00,13.8
36999.00,13.81
36998.00,12.43
36997.00,11.85
36993.00,12.34
36992.00,11.99
36991.00,11.55
36990.00,11.41
36987.00,11.6
36986.00,11.6
36985.00,11.01
36984.00,11.31
36983.00,11.85
36980.00,12.24
36979.00,12.29
36978.00,12.2
36977.00,12.73
36976.00,12.97
36973.00,12.93
36972.00,12.24
36971.00,12.12
36970.00,12
36969.00,12.7
36966.00,12.99
36965.00,12.99
36964.00,12.7
36963.00,12.85
36962.00,12.55
36959.00,13.27
36958.00,13.95
36957.00,13.85
36956.00,14
36955.00,13.75
36952.00,13.52
36951.00,14
36950.00,13.77
36949.00,14.2
36948.00,14.58
36945.00,14.25
36944.00,14.3
36943.00,14.72
36942.00,15.1
36938.00,14.65
36937.00,15.27
36936.00,15.04
36935.00,14.57
36934.00,14.69
36931.00,14.64
36930.00,14.53
36929.00,14.15
36928.00,14.39
36927.00,14.15
36924.00,15.03
36923.00,14.96
36922.00,15.1
36921.00,14.41
36920.00,14.65
36917.00,14.19
36916.00,15.5
36915.00,15.94
36914.00,15.88
36913.00,15.31
36910.00,15.25
36909.00,15
36908.00,14.75
36907.00,14.19
36903.00,14.5
36902.00,14
36901.00,13.75
36900.00,14.63
36899.00,14.5
36896.00,13.94
36895.00,13.44
36894.00,13.81
36893.00,12.44
36889.00,12.25
36888.00,12.31
36887.00,12
36886.00,12.25
36882.00,12.38
36881.00,12.75
36880.00,12.88
36879.00,13.25
36878.00,13.75
36875.00,13.19
36874.00,13.75
36873.00,14.06
36872.00,13.5
36871.00,14.13
36868.00,13.75
36867.00,13.25
36866.00,12.88
36865.00,13.25
36864.00,12.44
36861.00,12.81
36860.00,12.63
36859.00,12.75
36858.00,13.63
36857.00,14.13
36854.00,13.5
36852.00,13.56
36851.00,13.5
36850.00,14.13
36847.00,14.75
36846.00,14.75
36845.00,14.88
36844.00,14.88
36843.00,14.38
36840.00,15
36839.00,14.88
36838.00,14.5
36837.00,14.75
36836.00,15
36833.00,15.19
36832.00,14.94
36831.00,14.31
36830.00,13.69
36829.00,13.19
36826.00,13.5
36825.00,13.69
36824.00,13.88
36823.00,14.44
36822.00,14.44
36819.00,14.56
36818.00,13.69
36817.00,13.25
36816.00,13.31
36815.00,14
36812.00,14
36811.00,13.75
36810.00,14.56
36809.00,15.31
36808.00,15
36805.00,15.88
36804.00,15.81
36803.00,15.75
36802.00,15.31
36801.00,15.31
36798.00,16.37
36797.00,16.31
36796.00,15.81
36795.00,15.5
36794.00,15.25
36791.00,14.75
36790.00,15.38
36789.00,15.88
36788.00,15.13
36787.00,15
36784.00,16.87
36783.00,17.25
36782.00,17.25
36781.00,17.5
36780.00,17.44
36777.00,17.25
36776.00,17.5
36775.00,17.87
36774.00,18.44
36770.00,18.81
36769.00,18.75
36768.00,19.81
36767.00,19.81
36766.00,19.69
36763.00,19
36762.00,19.12
36761.00,18.81
36760.00,19.5
36759.00,19.06
36756.00,19
36755.00,20.31
36754.00,19.94
36753.00,19.25
36752.00,19.44
36749.00,18.87
36748.00,19.19
36747.00,18.5
36746.00,17.37
36745.00,18
36742.00,18.62
36741.00,18.87
36740.00,18.87
36739.00,18.75
36738.00,18.44
36735.00,17.94
36734.00,19
36733.00,19.44
36732.00,19.56
36731.00,19.5
36728.00,20.5
36727.00,20.37
36726.00,20.69
36725.00,20.87
36724.00,21.5
36721.00,21.25
36720.00,21.94
36719.00,21.56
36718.00,21
36717.00,21.75
36714.00,22
36713.00,21.37
36712.00,21.37
36710.00,21.69
36707.00,21
36706.00,20.94
36705.00,21.19
36704.00,20.81
36703.00,20.75
36700.00,20.25
36699.00,20.12
36698.00,20.37
36697.00,20.62
36696.00,19.69
36693.00,19.5
36692.00,20
36691.00,21.62
36690.00,21.12
36689.00,22
36686.00,22.12
36685.00,20.25
36684.00,21.25
36683.00,20.75
36682.00,21
36679.00,20.5
36678.00,19.19
36677.00,19.25
36676.00,17.94
36672.00,16.94
36671.00,17.87
36670.00,17.69
36669.00,17.87
36668.00,17.44
36665.00,19.31
36664.00,19.25
36663.00,19.44
36662.00,19.81
36661.00,19.44
36658.00,19.69
